Parent_Chart_of_Account__c,Id,Errors
a048N000000w6kzQAA,a048N000000w6kMQAQ,
a048N000000w6kvQAA,a048N000000w6kNQAQ,
a048N000000w6lEQAQ,a048N000000w6kOQAQ,
a048N000000w6kkQAA,a048N000000w6kPQAQ,
a048N000000w6kkQAA,a048N000000w6kQQAQ,
a048N000000w6kkQAA,a048N000000w6kRQAQ,
a048N000000w6kpQAA,a048N000000w6kSQAQ,
a048N000000w6lwQAA,a048N000000w6kTQAQ,
a048N000000w6lwQAA,a048N000000w6kUQAQ,
a048N000000w6l4QAA,a048N000000w6kVQAQ,
a048N000000w6lgQAA,a048N000000w6kWQAQ,
a048N000000w6liQAA,a048N000000w6kXQAQ,
a048N000000w6kzQAA,a048N000000w6kYQAQ,
a048N000000w6kzQAA,a048N000000w6kZQAQ,
a048N000000w6kkQAA,a048N000000w6kaQAA,
a048N000000w6kkQAA,a048N000000w6kbQAA,
a048N000000w6kkQAA,a048N000000w6kcQAA,
a048N000000w6kkQAA,a048N000000w6kdQAA,
a048N000000w6kpQAA,a048N000000w6keQAA,
a048N000000w6liQAA,a048N000000w6kfQAA,
a048N000000w6liQAA,a048N000000w6kgQAA,
a048N000000w6m0QAA,a048N000000w6khQAA,
a048N000000w6m0QAA,a048N000000w6kiQAA,
a048N000000w6kpQAA,a048N000000w6kjQAA,
a048N000000w6koQAA,a048N000000w6knQAA,
a048N000000w6kzQAA,a048N000000w6kqQAA,
a048N000000w6kzQAA,a048N000000w6krQAA,
a048N000000w6koQAA,a048N000000w6ksQAA,
a048N000000w6koQAA,a048N000000w6ktQAA,
a048N000000w6koQAA,a048N000000w6kuQAA,
a048N000000w6koQAA,a048N000000w6kvQAA,
a048N000000w6kkQAA,a048N000000w6kwQAA,
a048N000000w6kmQAA,a048N000000w6kxQAA,
a048N000000w6m0QAA,a048N000000w6kyQAA,
a048N000000w6koQAA,a048N000000w6kzQAA,
a048N000000w6kzQAA,a048N000000w6l0QAA,
a048N000000w6kpQAA,a048N000000w6l1QAA,
a048N000000w6lwQAA,a048N000000w6l2QAA,
a048N000000w6lwQAA,a048N000000w6l3QAA,
a048N000000w6kpQAA,a048N000000w6l4QAA,
a048N000000w6l4QAA,a048N000000w6l5QAA,
a048N000000w6liQAA,a048N000000w6l6QAA,
a048N000000w6m0QAA,a048N000000w6l7QAA,
a048N000000w6m0QAA,a048N000000w6l8QAA,
a048N000000w6kjQAA,a048N000000w6l9QAA,
a048N000000w6kjQAA,a048N000000w6lAQAQ,
a048N000000w6kzQAA,a048N000000w6lBQAQ,
a048N000000w6koQAA,a048N000000w6lCQAQ,
a048N000000w6kvQAA,a048N000000w6lDQAQ,
a048N000000w6koQAA,a048N000000w6lEQAQ,
a048N000000w6lEQAQ,a048N000000w6lFQAQ,
a048N000000w6lEQAQ,a048N000000w6lGQAQ,
a048N000000w6kkQAA,a048N000000w6lHQAQ,
a048N000000w6kkQAA,a048N000000w6lIQAQ,
a048N000000w6klQAA,a048N000000w6lJQAQ,
a048N000000w6klQAA,a048N000000w6lKQAQ,
a048N000000w6kmQAA,a048N000000w6lLQAQ,
a048N000000w6kmQAA,a048N000000w6lMQAQ,
a048N000000w6lMQAQ,a048N000000w6lNQAQ,
a048N000000w6lMQAQ,a048N000000w6lOQAQ,
a048N000000w6lMQAQ,a048N000000w6lPQAQ,
a048N000000w6kpQAA,a048N000000w6lQQAQ,
a048N000000w6kpQAA,a048N000000w6lRQAQ,
a048N000000w6kpQAA,a048N000000w6lSQAQ,
a048N000000w6kpQAA,a048N000000w6lTQAQ,
a048N000000w6lwQAA,a048N000000w6lUQAQ,
a048N000000w6liQAA,a048N000000w6lVQAQ,
a048N000000w6liQAA,a048N000000w6lWQAQ,
a048N000000w6m0QAA,a048N000000w6lXQAQ,
a048N000000w6koQAA,a048N000000w6lYQAQ,
a048N000000w6klQAA,a048N000000w6lZQAQ,
a048N000000w6klQAA,a048N000000w6laQAA,
a048N000000w6kmQAA,a048N000000w6lbQAA,
a048N000000w6kpQAA,a048N000000w6lcQAA,
a048N000000w6lwQAA,a048N000000w6ldQAA,
a048N000000w6l4QAA,a048N000000w6leQAA,
a048N000000w6l4QAA,a048N000000w6lfQAA,
a048N000000w6kpQAA,a048N000000w6lgQAA,
a048N000000w6lgQAA,a048N000000w6lhQAA,
a048N000000w6kpQAA,a048N000000w6liQAA,
a048N000000w6kjQAA,a048N000000w6ljQAA,
a048N000000w6kjQAA,a048N000000w6lkQAA,
a048N000000w6kzQAA,a048N000000w6llQAA,
a048N000000w6kmQAA,a048N000000w6lmQAA,
a048N000000w6kmQAA,a048N000000w6lnQAA,
a048N000000w6lwQAA,a048N000000w6loQAA,
a048N000000w6lgQAA,a048N000000w6lpQAA,
a048N000000w6liQAA,a048N000000w6lqQAA,
a048N000000w6liQAA,a048N000000w6lrQAA,
a048N000000w6m0QAA,a048N000000w6lsQAA,
a048N000000w6m0QAA,a048N000000w6ltQAA,
a048N000000w6m0QAA,a048N000000w6luQAA,
a048N000000w6kpQAA,a048N000000w6lvQAA,
a048N000000w6kpQAA,a048N000000w6lwQAA,
a048N000000w6kpQAA,a048N000000w6lxQAA,
a048N000000w6lxQAA,a048N000000w6lyQAA,
a048N000000w6lxQAA,a048N000000w6lzQAA,
a048N000000w6kpQAA,a048N000000w6m0QAA,
